Year,Month,MONTH,Day,Effort,DATE,Effort relative to the maximum
2002,April,4,28,59,20020428,0.333
2002,April,4,29,177,20020429,1.000
2002,April,4,30,177,20020430,1.000
2002,May,5,1,177,20020501,1.000
2002,May,5,2,177,20020502,1.000
2002,May,5,3,177,20020503,1.000
2002,May,5,4,177,20020504,1.000
2002,May,5,5,177,20020505,1.000
2002,May,5,6,177,20020506,1.000
2002,May,5,7,154.875,20020507,0.875
2002,May,5,8,77.4375,20020508,0.438
2002,May,5,9,177,20020509,1.000
2002,May,5,10,177,20020510,1.000
2002,May,5,11,177,20020511,1.000
2002,May,5,12,77.4375,20020512,0.438
2002,May,5,14,177,20020514,1.000
2002,May,5,15,177,20020515,1.000
2002,May,5,16,44.25,20020516,0.250
2003,April,4,18,92.6,20030418,0.514
2003,April,4,19,180,20030419,1.000
2003,April,4,20,78.8,20030420,0.438
2003,April,4,21,141,20030421,0.783
2003,April,4,22,180,20030422,1.000
2003,April,4,23,180,20030423,1.000
2003,April,4,24,180,20030424,1.000
2003,April,4,25,157,20030425,0.872
2003,April,4,26,180,20030426,1.000
2003,April,4,27,180,20030427,1.000
2003,April,4,28,180,20030428,1.000
2003,April,4,29,180,20030429,1.000
2003,April,4,30,180,20030430,1.000
2003,May,5,1,180,20030501,1.000
2003,May,5,2,180,20030502,1.000
2003,May,5,3,180,20030503,1.000
2003,May,5,4,180,20030504,1.000
2003,May,5,5,180,20030505,1.000
2003,May,5,6,180,20030506,1.000
2003,May,5,7,180,20030507,1.000
2003,May,5,8,180,20030508,1.000
2003,May,5,9,180,20030509,1.000
2003,May,5,10,180,20030510,1.000
2003,May,5,11,180,20030511,1.000
2003,May,5,12,180,20030512,1.000
2003,May,5,13,120,20030513,0.667
2003,May,5,14,120,20030514,0.667
2003,May,5,15,156,20030515,0.867
2003,May,5,16,156,20030516,0.867
2003,May,5,17,96,20030517,0.533
2004,April,4,8,44.8,20040408,0.230
2004,April,4,9,26,20040409,0.133
2004,April,4,10,91,20040410,0.467
2004,April,4,11,91,20040411,0.467
2004,April,4,12,65,20040412,0.333
2004,April,4,14,195,20040414,1.000
2004,April,4,15,195,20040415,1.000
2004,April,4,16,39,20040416,0.200
2004,April,4,17,143,20040417,0.733
2004,April,4,18,31.2,20040418,0.160
2004,April,4,19,91,20040419,0.467
2004,April,4,20,13,20040420,0.067
2004,April,4,21,195,20040421,1.000
2004,April,4,22,195,20040422,1.000
2004,April,4,23,195,20040423,1.000
2004,April,4,24,195,20040424,1.000
2004,April,4,25,130,20040425,0.667
2004,April,4,26,182,20040426,0.933
2004,April,4,27,195,20040427,1.000
2004,April,4,28,117,20040428,0.600
2004,April,4,29,13,20040429,0.067
2004,April,4,30,195,20040430,1.000
2004,May,5,1,195,20040501,1.000
2004,May,5,2,195,20040502,1.000
2004,May,5,3,117,20040503,0.600
2004,May,5,4,143,20040504,0.733
2004,May,5,5,143,20040505,0.733
2004,May,5,6,143,20040506,0.733
2004,May,5,7,45,20040507,0.231
2004,May,5,8,149.2,20040508,0.765
2004,May,5,9,156,20040509,0.800
2004,May,5,10,195,20040510,1.000
2004,May,5,11,195,20040511,1.000
2004,May,5,12,169,20040512,0.867
2004,May,5,13,104,20040513,0.533
2004,May,5,14,34.2,20040514,0.175
2004,May,5,15,195,20040515,1.000
2004,May,5,16,104,20040516,0.533
2004,May,5,17,182,20040517,0.933
2004,May,5,18,91,20040518,0.467
2004,May,5,19,156,20040519,0.800
2004,May,5,20,195,20040520,1.000
2004,May,5,21,156,20040521,0.800
2005,March,3,20,195,20050320,0.890
2005,March,3,21,195,20050321,0.890
2005,March,3,22,195,20050322,0.890
2005,March,3,23,207,20050323,0.945
2005,March,3,24,175,20050324,0.799
2005,March,3,25,207,20050325,0.945
2005,March,3,26,207,20050326,0.945
2005,March,3,27,50.4,20050327,0.230
2005,March,3,28,173,20050328,0.790
2005,March,3,29,207,20050329,0.945
2005,March,3,30,207,20050330,0.945
2005,March,3,31,207,20050331,0.945
2005,April,4,1,101.1,20050401,0.462
2005,April,4,20,93.9,20050420,0.429
2005,April,4,21,219,20050421,1.000
2005,April,4,22,219,20050422,1.000
2005,April,4,23,219,20050423,1.000
2005,April,4,24,219,20050424,1.000
2005,April,4,25,219,20050425,1.000
2005,April,4,26,219,20050426,1.000
2005,April,4,27,219,20050427,1.000
2005,April,4,28,219,20050428,1.000
2005,April,4,29,125,20050429,0.571
2005,April,4,30,219,20050430,1.000
2005,May,5,1,219,20050501,1.000
2005,May,5,2,219,20050502,1.000
2005,May,5,3,125,20050503,0.571
2005,May,5,4,219,20050504,1.000
2005,May,5,5,219,20050505,1.000
2005,May,5,6,78.2,20050506,0.357
2005,May,5,7,219,20050507,1.000
2005,May,5,8,219,20050508,1.000
2005,May,5,9,219,20050509,1.000
2005,May,5,10,219,20050510,1.000
2005,May,5,11,219,20050511,1.000
2005,May,5,12,219,20050512,1.000
2005,May,5,13,219,20050513,1.000
2005,May,5,14,219,20050514,1.000
2006,April,4,9,89.95,20060409,0.370
2006,April,4,10,39.21,20060410,0.161
2006,April,4,11,94,20060411,0.387
2006,April,4,12,94,20060412,0.387
2006,April,4,13,203,20060413,0.835
2006,April,4,14,203,20060414,0.835
2006,April,4,15,219,20060415,0.901
2006,April,4,16,207,20060416,0.852
2006,April,4,17,219,20060417,0.901
2006,April,4,18,219,20060418,0.901
2006,April,4,19,141,20060419,0.580
2006,April,4,20,219,20060420,0.901
2006,April,4,21,219,20060421,0.901
2006,April,4,22,219,20060422,0.901
2006,April,4,23,219,20060423,0.901
2006,April,4,24,219,20060424,0.901
2006,April,4,25,219,20060425,0.901
2006,April,4,26,141,20060426,0.580
2006,April,4,27,219,20060427,0.901
2006,April,4,28,219,20060428,0.901
2006,April,4,29,219,20060429,0.901
2006,April,4,30,219,20060430,0.901
2006,May,5,1,219,20060501,0.901
2006,May,5,2,219,20060502,0.901
2006,May,5,3,219,20060503,0.901
2006,May,5,4,181.2,20060504,0.746
2006,May,5,5,219,20060505,0.901
2006,May,5,6,219,20060506,0.901
2006,May,5,7,221.6,20060507,0.912
2006,May,5,8,243,20060508,1.000
2006,May,5,9,231,20060509,0.951
2006,May,5,10,243,20060510,1.000
2006,May,5,11,208.9,20060511,0.860
2006,May,5,12,243,20060512,1.000
2006,May,5,13,243,20060513,1.000
2007,March,3,26,48.86,20070326,0.201
2007,March,3,27,243,20070327,1.000
2007,March,3,28,243,20070328,1.000
2007,March,3,29,154.7,20070329,0.637
2007,March,3,30,58.07,20070330,0.239
2007,March,3,31,120,20070331,0.494
2007,April,4,1,243,20070401,1.000
2007,April,4,2,204.1,20070402,0.840
2007,April,4,3,156.86,20070403,0.646
2007,April,4,4,201.46,20070404,0.829
2007,April,4,5,243,20070405,1.000
2007,April,4,6,243,20070406,1.000
2007,April,4,7,243,20070407,1.000
2007,April,4,8,243,20070408,1.000
2007,April,4,9,243,20070409,1.000
2007,April,4,10,243,20070410,1.000
2007,April,4,11,243,20070411,1.000
2007,April,4,12,243,20070412,1.000
2007,April,4,13,243,20070413,1.000
2007,April,4,14,71.6,20070414,0.295
2007,April,4,15,191.4,20070415,0.788
2007,April,4,16,243,20070416,1.000
2007,April,4,17,243,20070417,1.000
2007,April,4,18,243,20070418,1.000
2007,April,4,19,243,20070419,1.000
2007,April,4,20,243,20070420,1.000
2007,April,4,21,243,20070421,1.000
2007,April,4,22,243,20070422,1.000
2007,April,4,23,243,20070423,1.000
2007,April,4,24,243,20070424,1.000
2007,April,4,25,243,20070425,1.000
2007,April,4,26,243,20070426,1.000
2007,April,4,27,243,20070427,1.000
2007,April,4,28,243,20070428,1.000
2007,April,4,29,243,20070429,1.000
2007,April,4,30,32.4,20070430,0.133
2007,May,5,1,180,20070501,0.741
2007,May,5,2,226.8,20070502,0.933
2007,May,5,3,194.4,20070503,0.800
2007,May,5,4,191.2,20070504,0.787
2007,May,5,5,243,20070505,1.000
2007,May,5,6,243,20070506,1.000
2007,May,5,7,243,20070507,1.000
2007,May,5,8,243,20070508,1.000
2007,May,5,9,243,20070509,1.000
2007,May,5,10,243,20070510,1.000
2007,May,5,11,243,20070511,1.000
2007,May,5,12,243,20070512,1.000
2007,May,5,13,243,20070513,1.000
2007,May,5,14,243,20070514,1.000
2007,May,5,15,16.2,20070515,0.067
2007,May,5,16,97.2,20070516,0.400
2007,May,5,17,243,20070517,1.000
2007,May,5,18,113,20070518,0.465
2008,March,3,28,70.3,20080328,0.263
2008,March,3,29,246,20080329,0.921
2008,March,3,30,246,20080330,0.921
2008,March,3,31,246,20080331,0.921
2008,April,4,1,246,20080401,0.921
2008,April,4,2,246,20080402,0.921
2008,April,4,3,197,20080403,0.738
2008,April,4,4,180.4,20080404,0.676
2008,April,4,5,246,20080405,0.921
2008,April,4,6,246,20080406,0.921
2008,April,4,7,245.2,20080407,0.918
2008,April,4,8,162.4,20080408,0.608
2008,April,4,9,230.6,20080409,0.864
2008,April,4,10,255,20080410,0.955
2008,April,4,11,255,20080411,0.955
2008,April,4,12,255,20080412,0.955
2008,April,4,13,255,20080413,0.955
2008,April,4,14,255,20080414,0.955
2008,April,4,15,34,20080415,0.127
2008,April,4,16,255,20080416,0.955
2008,April,4,17,193,20080417,0.723
2008,April,4,18,251,20080418,0.940
2008,April,4,19,255,20080419,0.955
2008,April,4,20,260,20080420,0.974
2008,April,4,21,267,20080421,1.000
2008,April,4,22,178,20080422,0.667
2008,April,4,23,196,20080423,0.734
2008,April,4,24,267,20080424,1.000
2008,April,4,25,267,20080425,1.000
2008,April,4,26,267,20080426,1.000
2008,April,4,27,267,20080427,1.000
2008,April,4,28,267,20080428,1.000
2008,April,4,29,267,20080429,1.000
2008,April,4,30,267,20080430,1.000
2008,May,5,1,267,20080501,1.000
2008,May,5,2,267,20080502,1.000
2008,May,5,3,267,20080503,1.000
2008,May,5,4,267,20080504,1.000
2008,May,5,5,267,20080505,1.000
2008,May,5,6,267,20080506,1.000
2008,May,5,7,178,20080507,0.667
2008,May,5,8,267,20080508,1.000
2008,May,5,9,238,20080509,0.891
2008,May,5,10,102,20080510,0.382
2008,May,5,11,122,20080511,0.457
2008,May,5,12,127.8,20080512,0.479
2008,May,5,14,249,20080514,0.933
2008,May,5,15,159,20080515,0.596
2008,May,5,16,214,20080516,0.801
2009,March,3,28,64.3,20090328,0.228
2009,March,3,29,65.8,20090329,0.233
2009,March,3,30,231.4,20090330,0.821
2009,March,3,31,96,20090331,0.340
2009,April,4,1,66,20090401,0.234
2009,April,4,2,249.2,20090402,0.884
2009,April,4,3,270,20090403,0.957
2009,April,4,4,270,20090404,0.957
2009,April,4,5,270,20090405,0.957
2009,April,4,6,89,20090406,0.316
2009,April,4,7,270,20090407,0.957
2009,April,4,8,270,20090408,0.957
2009,April,4,9,270,20090409,0.957
2009,April,4,10,270,20090410,0.957
2009,April,4,11,270,20090411,0.957
2009,April,4,12,89,20090412,0.316
2009,April,4,13,106.8,20090413,0.379
2009,April,4,14,270,20090414,0.957
2009,April,4,15,282,20090415,1.000
2009,April,4,16,255,20090416,0.904
2009,April,4,17,282,20090417,1.000
2009,April,4,18,282,20090418,1.000
2009,April,4,19,223.2,20090419,0.791
2009,April,4,20,260.4,20090420,0.923
2009,April,4,21,148.8,20090421,0.528
2009,April,4,22,183,20090422,0.649
2009,April,4,23,282,20090423,1.000
2009,April,4,24,282,20090424,1.000
2009,April,4,25,282,20090425,1.000
2009,April,4,26,174.6,20090426,0.619
2009,April,4,28,46.4,20090428,0.165
2009,April,4,29,182.6,20090429,0.648
2009,April,4,30,271.6,20090430,0.963
2009,May,5,1,282,20090501,1.000
2009,May,5,2,282,20090502,1.000
2009,May,5,3,260.2,20090503,0.923
2009,May,5,4,282,20090504,1.000
2009,May,5,5,282,20090505,1.000
2009,May,5,6,282,20090506,1.000
2009,May,5,7,282,20090507,1.000
2009,May,5,8,282,20090508,1.000
2009,May,5,9,282,20090509,1.000
2009,May,5,10,282,20090510,1.000
2009,May,5,11,282,20090511,1.000
2009,May,5,12,189.8,20090512,0.673
2009,May,5,13,282,20090513,1.000
2009,May,5,14,282,20090514,1.000
2009,May,5,15,52.5,20090515,0.186
2010,March,3,27,205,20100327,0.697
2010,March,3,28,222,20100328,0.755
2010,March,3,29,253,20100329,0.861
2010,March,3,30,171,20100330,0.582
2010,March,3,31,20.1,20100331,0.068
2010,April,4,1,262,20100401,0.891
2010,April,4,2,282,20100402,0.959
2010,April,4,3,282,20100403,0.959
2010,April,4,4,40.3,20100404,0.137
2010,April,4,5,60,20100405,0.204
2010,April,4,6,282,20100406,0.959
2010,April,4,7,282,20100407,0.959
2010,April,4,8,282,20100408,0.959
2010,April,4,9,282,20100409,0.959
2010,April,4,10,282,20100410,0.959
2010,April,4,11,282,20100411,0.959
2010,April,4,12,282,20100412,0.959
2010,April,4,13,282,20100413,0.959
2010,April,4,14,282,20100414,0.959
2010,April,4,15,282,20100415,0.959
2010,April,4,16,289.2,20100416,0.984
2010,April,4,17,294,20100417,1.000
2010,April,4,18,294,20100418,1.000
2010,April,4,19,183,20100419,0.622
2010,April,4,20,274,20100420,0.932
2010,April,4,21,256,20100421,0.871
2010,April,4,22,274,20100422,0.932
2010,April,4,23,64,20100423,0.218
2010,April,4,24,274.4,20100424,0.933
2010,April,4,25,294,20100425,1.000
2010,April,4,26,294,20100426,1.000
2010,April,4,27,294,20100427,1.000
2010,April,4,28,294,20100428,1.000
2010,April,4,29,294,20100429,1.000
2010,April,4,30,294,20100430,1.000
2010,May,5,1,294,20100501,1.000
2010,May,5,2,294,20100502,1.000
2010,May,5,3,294,20100503,1.000
2010,May,5,4,184,20100504,0.626
2010,May,5,5,252,20100505,0.857
2010,May,5,6,294,20100506,1.000
2010,May,5,7,294,20100507,1.000
2010,May,5,8,294,20100508,1.000
2010,May,5,9,294,20100509,1.000
2010,May,5,10,272,20100510,0.925
2010,May,5,11,272,20100511,0.925
2010,May,5,12,294,20100512,1.000
2010,May,5,13,294,20100513,1.000
2010,May,5,14,168,20100514,0.571
2011,March,3,11,14.3,20110311,0.045
2011,March,3,12,80.8,20110312,0.254
2011,March,3,14,257.15,20110314,0.809
2011,March,3,15,144,20110315,0.453
2011,March,3,17,95,20110317,0.299
2011,March,3,18,224,20110318,0.704
2011,March,3,19,282,20110319,0.887
2011,March,3,20,282,20110320,0.887
2011,March,3,21,282,20110321,0.887
2011,March,3,22,282,20110322,0.887
2011,March,3,23,294,20110323,0.925
2011,March,3,24,294,20110324,0.925
2011,March,3,25,294,20110325,0.925
2011,March,3,26,294,20110326,0.925
2011,March,3,27,294,20110327,0.925
2011,March,3,28,157,20110328,0.494
2011,March,3,29,294,20110329,0.925
2011,March,3,30,294,20110330,0.925
2011,March,3,31,294,20110331,0.925
2011,April,4,1,294,20110401,0.925
2011,April,4,2,294,20110402,0.925
2011,April,4,3,294,20110403,0.925
2011,April,4,4,294,20110404,0.925
2011,April,4,5,274,20110405,0.862
2011,April,4,6,294,20110406,0.925
2011,April,4,7,294,20110407,0.925
2011,April,4,8,294,20110408,0.925
2011,April,4,9,294,20110409,0.925
2011,April,4,10,294,20110410,0.925
2011,April,4,11,294,20110411,0.925
2011,April,4,12,294,20110412,0.925
2011,April,4,13,227,20110413,0.714
2011,April,4,14,294,20110414,0.925
2011,April,4,15,159.6,20110415,0.502
2011,April,4,16,227,20110416,0.714
2011,April,4,17,294,20110417,0.925
2011,April,4,18,294,20110418,0.925
2011,April,4,19,294,20110419,0.925
2011,April,4,20,294,20110420,0.925
2011,April,4,21,294,20110421,0.925
2011,April,4,22,294,20110422,0.925
2011,April,4,23,270,20110423,0.849
2011,April,4,24,294,20110424,0.925
2011,April,4,25,157,20110425,0.494
2011,April,4,26,110,20110426,0.346
2011,April,4,27,294,20110427,0.925
2011,April,4,28,294,20110428,0.925
2011,April,4,29,294,20110429,0.925
2011,May,5,1,274,20110501,0.862
2011,May,5,2,110,20110502,0.346
2011,May,5,3,216,20110503,0.679
2011,May,5,4,294,20110504,0.925
2011,May,5,5,294,20110505,0.925
2011,May,5,6,294,20110506,0.925
2011,May,5,7,294,20110507,0.925
2011,May,5,8,294,20110508,0.925
2011,May,5,9,255,20110509,0.802
2011,May,5,10,294,20110510,0.925
2011,May,5,11,318,20110511,1.000
2011,May,5,12,280.8,20110512,0.883
2011,May,5,13,318,20110513,1.000
2011,May,5,14,318,20110514,1.000
2011,May,5,15,254.4,20110515,0.800
2011,May,5,17,254.4,20110517,0.800
2011,May,5,18,233.2,20110518,0.733
2011,May,5,19,318,20110519,1.000
2011,May,5,20,318,20110520,1.000
2011,May,5,21,318,20110521,1.000
2011,May,5,22,318,20110522,1.000
2011,May,5,23,169.6,20110523,0.533
2012,March,3,18,55.5,20120318,0.168
2012,March,3,19,273,20120319,0.827
2012,March,3,20,294,20120320,0.891
2012,March,3,21,294,20120321,0.891
2012,March,3,22,294,20120322,0.891
2012,March,3,23,264,20120323,0.800
2012,March,3,24,294,20120324,0.891
2012,March,3,25,294,20120325,0.891
2012,March,3,26,294,20120326,0.891
2012,March,3,27,294,20120327,0.891
2012,March,3,28,294,20120328,0.891
2012,March,3,29,294,20120329,0.891
2012,March,3,30,294,20120330,0.891
2012,March,3,31,294,20120331,0.891
2012,April,4,1,294,20120401,0.891
2012,April,4,2,294,20120402,0.891
2012,April,4,3,294,20120403,0.891
2012,April,4,4,294,20120404,0.891
2012,April,4,5,294,20120405,0.891
2012,April,4,6,294,20120406,0.891
2012,April,4,7,55.4,20120407,0.168
2012,April,4,8,12,20120408,0.036
2012,April,4,9,232,20120409,0.703
2012,April,4,10,330,20120410,1.000
2012,April,4,11,156,20120411,0.473
2012,April,4,12,288,20120412,0.873
2012,April,4,13,33.2,20120413,0.101
2012,April,4,14,12,20120414,0.036
2012,April,4,15,307,20120415,0.930
2012,April,4,16,330,20120416,1.000
2012,April,4,17,330,20120417,1.000
2012,April,4,18,175.6,20120418,0.532
2012,April,4,19,266.4,20120419,0.807
2012,April,4,20,266.4,20120420,0.807
2012,April,4,21,288,20120421,0.873
2012,April,4,22,330,20120422,1.000
2012,April,4,23,330,20120423,1.000
2012,April,4,24,330,20120424,1.000
2012,April,4,25,330,20120425,1.000
2012,April,4,26,330,20120426,1.000
2012,April,4,27,330,20120427,1.000
2012,April,4,28,330,20120428,1.000
2012,April,4,29,330,20120429,1.000
2012,April,4,30,330,20120430,1.000
2012,May,5,1,330,20120501,1.000
2012,May,5,2,330,20120502,1.000
2012,May,5,3,330,20120503,1.000
2012,May,5,4,330,20120504,1.000
2012,May,5,5,330,20120505,1.000
2012,May,5,6,240,20120506,0.727
2012,May,5,7,289,20120507,0.876
2012,May,5,8,318,20120508,0.964
2012,May,5,9,318,20120509,0.964
2012,May,5,10,318,20120510,0.964
2012,May,5,11,318,20120511,0.964
2012,May,5,12,318,20120512,0.964
2012,May,5,13,294,20120513,0.891
2012,May,5,14,136,20120514,0.412
2012,May,5,15,96.8,20120515,0.293
2012,May,5,16,12,20120516,0.036
2012,May,5,17,330,20120517,1.000
2012,May,5,18,330,20120518,1.000
2012,May,5,19,330,20120519,1.000
2012,May,5,20,270.4,20120520,0.819
2012,May,5,21,250.5,20120521,0.759
2012,May,5,22,111.4,20120522,0.338
2012,May,5,23,270.4,20120523,0.819
2012,May,5,24,139,20120524,0.421
2013,March,3,11,227,20130311,0.688
2013,March,3,12,267,20130312,0.809
2013,March,3,13,12,20130313,0.036
2013,March,3,14,12,20130314,0.036
2013,March,3,15,79,20130315,0.239
2013,March,3,16,207,20130316,0.627
2013,March,3,17,97,20130317,0.294
2013,March,3,18,12,20130318,0.036
2013,March,3,19,141,20130319,0.427
2013,March,3,20,238,20130320,0.721
2013,March,3,21,12,20130321,0.036
2013,March,3,22,307,20130322,0.930
2013,March,3,23,251,20130323,0.761
2013,March,3,24,330,20130324,1.000
2013,March,3,25,263,20130325,0.797
2013,March,3,26,279,20130326,0.845
2013,March,3,27,330,20130327,1.000
2013,March,3,28,277,20130328,0.839
2013,March,3,29,330,20130329,1.000
2013,March,3,30,155.14,20130330,0.470
2013,March,3,31,12,20130331,0.036
2013,April,4,1,181.9,20130401,0.551
2013,April,4,2,43.2,20130402,0.131
2013,April,4,3,208,20130403,0.630
2013,April,4,4,200.4,20130404,0.607
2013,April,4,5,251,20130405,0.761
2013,April,4,6,330,20130406,1.000
2013,April,4,7,330,20130407,1.000
2013,April,4,8,281.8,20130408,0.854
2013,April,4,9,330,20130409,1.000
2013,April,4,10,330,20130410,1.000
2013,April,4,11,330,20130411,1.000
2013,April,4,12,330,20130412,1.000
2013,April,4,13,330,20130413,1.000
2013,April,4,14,330,20130414,1.000
2013,April,4,15,330,20130415,1.000
2013,April,4,16,219.6,20130416,0.665
2013,April,4,17,330,20130417,1.000
2013,April,4,18,330,20130418,1.000
2013,April,4,19,330,20130419,1.000
2013,April,4,20,330,20130420,1.000
2013,April,4,21,309,20130421,0.936
2013,April,4,22,264,20130422,0.800
2013,April,4,23,330,20130423,1.000
2013,April,4,24,330,20130424,1.000
2013,April,4,25,330,20130425,1.000
2013,April,4,26,220,20130426,0.667
2013,April,4,27,204,20130427,0.618
2013,April,4,28,330,20130428,1.000
2013,April,4,29,236,20130429,0.715
2013,April,4,30,241,20130430,0.730
2013,May,5,1,317,20130501,0.961
2013,May,5,2,330,20130502,1.000
2013,May,5,3,330,20130503,1.000
2013,May,5,4,308,20130504,0.933
2013,May,5,5,286,20130505,0.867
2013,May,5,6,99,20130506,0.300
2013,May,5,7,308,20130507,0.933
2013,May,5,8,330,20130508,1.000
2013,May,5,9,330,20130509,1.000
2013,May,5,10,330,20130510,1.000
2013,May,5,11,242,20130511,0.733
2013,May,5,12,176,20130512,0.533
2013,May,5,14,308,20130514,0.933
2013,May,5,15,229,20130515,0.694
2013,May,5,16,220,20130516,0.667
2013,May,5,17,308,20130517,0.933
2014,March,3,30,184,20140330,0.554
2014,March,3,31,306,20140331,0.922
2014,April,4,1,332,20140401,1.000
2014,April,4,2,330,20140402,0.994
2014,April,4,3,286,20140403,0.861
2014,April,4,4,304,20140404,0.916
2014,April,4,5,220,20140405,0.663
2014,April,4,6,330,20140406,0.994
2014,April,4,7,330,20140407,0.994
2014,April,4,8,330,20140408,0.994
2014,April,4,9,330,20140409,0.994
2014,April,4,10,330,20140410,0.994
2014,April,4,11,330,20140411,0.994
2014,April,4,12,330,20140412,0.994
2014,April,4,13,330,20140413,0.994
2014,April,4,14,330,20140414,0.994
2014,April,4,15,286,20140415,0.861
2014,April,4,16,308,20140416,0.928
2014,April,4,17,220,20140417,0.663
2014,April,4,18,330,20140418,0.994
2014,April,4,19,330,20140419,0.994
2014,April,4,20,308,20140420,0.928
2014,April,4,21,330,20140421,0.994
2014,April,4,22,330,20140422,0.994
2014,April,4,23,242,20140423,0.729
2014,April,4,24,22,20140424,0.066
2014,April,4,25,330,20140425,0.994
2014,April,4,26,330,20140426,0.994
2014,April,4,27,220,20140427,0.663
2014,April,4,28,6,20140428,0.018
2014,April,4,29,154,20140429,0.464
2014,April,4,30,330,20140430,0.994
2014,May,5,1,330,20140501,0.994
2014,May,5,2,308,20140502,0.928
2014,May,5,3,308,20140503,0.928
2014,May,5,4,330,20140504,0.994
2014,May,5,5,330,20140505,0.994
2014,May,5,6,330,20140506,0.994
2014,May,5,7,330,20140507,0.994
2014,May,5,8,330,20140508,0.994
2014,May,5,9,330,20140509,0.994
2014,May,5,10,330,20140510,0.994
2014,May,5,11,330,20140511,0.994
2014,May,5,12,330,20140512,0.994
2014,May,5,13,167,20140513,0.503
2014,May,5,15,308,20140515,0.928
2014,May,5,16,330,20140516,0.994
2014,May,5,17,330,20140517,0.994
2015,March,3,12,32.3,20150312,0.098
2015,March,3,13,172.4,20150313,0.522
2015,March,3,14,271.8,20150314,0.824
2015,March,3,15,57.2,20150315,0.173
2015,March,3,16,57.2,20150316,0.173
2015,March,3,17,82.6,20150317,0.250
2015,March,3,18,330,20150318,1.000
2015,March,3,19,330,20150319,1.000
2015,March,3,20,330,20150320,1.000
2015,March,3,21,330,20150321,1.000
2015,March,3,22,139.8,20150322,0.424
2015,March,3,23,330,20150323,1.000
2015,March,3,24,221.5,20150324,0.671
2015,March,3,26,330,20150326,1.000
2015,March,3,27,147,20150327,0.445
2015,March,3,28,330,20150328,1.000
2015,March,3,29,330,20150329,1.000
2015,March,3,30,330,20150330,1.000
2015,March,3,31,330,20150331,1.000
2015,April,4,1,188.6,20150401,0.572
2015,April,4,2,330,20150402,1.000
2015,April,4,3,330,20150403,1.000
2015,April,4,4,263.6,20150404,0.799
2015,April,4,6,330,20150406,1.000
2015,April,4,7,330,20150407,1.000
2015,April,4,8,330,20150408,1.000
2015,April,4,9,330,20150409,1.000
2015,April,4,10,330,20150410,1.000
2015,April,4,11,330,20150411,1.000
2015,April,4,12,330,20150412,1.000
2015,April,4,13,330,20150413,1.000
2015,April,4,14,330,20150414,1.000
2015,April,4,15,330,20150415,1.000
2015,April,4,16,330,20150416,1.000
2015,April,4,17,330,20150417,1.000
2015,April,4,18,330,20150418,1.000
2015,April,4,19,237.2,20150419,0.719
2015,April,4,20,330,20150420,1.000
2015,April,4,21,330,20150421,1.000
2015,April,4,22,330,20150422,1.000
2015,April,4,23,330,20150423,1.000
2015,April,4,24,330,20150424,1.000
2015,April,4,25,330,20150425,1.000
2015,April,4,26,330,20150426,1.000
2015,April,4,27,242,20150427,0.733
2015,April,4,29,308,20150429,0.933
2015,April,4,30,330,20150430,1.000
2015,May,5,1,330,20150501,1.000
2015,May,5,2,330,20150502,1.000
2015,May,5,3,330,20150503,1.000
2015,May,5,4,330,20150504,1.000
2015,May,5,5,330,20150505,1.000
2015,May,5,6,330,20150506,1.000
2015,May,5,7,330,20150507,1.000
2015,May,5,8,330,20150508,1.000
2015,May,5,9,330,20150509,1.000
2015,May,5,10,330,20150510,1.000
2015,May,5,11,330,20150511,1.000
2015,May,5,12,330,20150512,1.000
2015,May,5,13,330,20150513,1.000
2015,May,5,14,302.5,20150514,0.917
2015,May,5,15,122.8,20150515,0.372
2015,May,5,16,213.5,20150516,0.647
2015,May,5,17,330,20150517,1.000
2015,May,5,18,330,20150518,1.000
2015,May,5,19,330,20150519,1.000
2015,May,5,20,330,20150520,1.000
2015,May,5,21,216,20150521,0.655
2015,May,5,22,162,20150522,0.491
2016,March,3,13,239.6,20160313,0.726
2016,March,3,14,330,20160314,1.000
2016,March,3,15,330,20160315,1.000
2016,March,3,16,165.7,20160316,0.502
2016,March,3,17,198,20160317,0.600
2016,March,3,18,319.8,20160318,0.969
2016,March,3,19,330,20160319,1.000
2016,March,3,20,330,20160320,1.000
2016,March,3,21,182.8,20160321,0.554
2016,March,3,22,168,20160322,0.509
2016,March,3,23,253.8,20160323,0.769
2016,March,3,24,330,20160324,1.000
2016,March,3,25,330,20160325,1.000
2016,March,3,26,330,20160326,1.000
2016,March,3,27,330,20160327,1.000
2016,March,3,28,330,20160328,1.000
2016,March,3,29,330,20160329,1.000
2016,March,3,30,330,20160330,1.000
2016,March,3,31,330,20160331,1.000
2016,April,4,1,330,20160401,1.000
2016,April,4,2,330,20160402,1.000
2016,April,4,3,330,20160403,1.000
2016,April,4,4,330,20160404,1.000
2016,April,4,5,330,20160405,1.000
2016,April,4,6,330,20160406,1.000
2016,April,4,7,330,20160407,1.000
2016,April,4,8,132,20160408,0.400
2016,April,4,9,264,20160409,0.800
2016,April,4,10,330,20160410,1.000
2016,April,4,11,330,20160411,1.000
2016,April,4,12,330,20160412,1.000
2016,April,4,13,330,20160413,1.000
2016,April,4,14,330,20160414,1.000
2016,April,4,15,330,20160415,1.000
2016,April,4,16,330,20160416,1.000
2016,April,4,17,330,20160417,1.000
2016,April,4,18,330,20160418,1.000
2016,April,4,19,154,20160419,0.467
2016,April,4,20,330,20160420,1.000
2016,April,4,21,330,20160421,1.000
2016,April,4,22,330,20160422,1.000
2016,April,4,23,286,20160423,0.867
2016,April,4,25,17.6,20160425,0.053
2016,April,4,26,330,20160426,1.000
2016,April,4,27,330,20160427,1.000
2016,April,4,28,330,20160428,1.000
2016,April,4,29,330,20160429,1.000
2016,April,4,30,330,20160430,1.000
2016,May,5,1,232,20160501,0.703
2016,May,5,2,242,20160502,0.733
2016,May,5,3,264,20160503,0.800
2016,May,5,4,330,20160504,1.000
2016,May,5,5,330,20160505,1.000
2016,May,5,6,321.5,20160506,0.974
2016,May,5,7,330,20160507,1.000
2016,May,5,8,330,20160508,1.000
2016,May,5,9,330,20160509,1.000
2016,May,5,10,330,20160510,1.000
2016,May,5,11,235.4,20160511,0.713
2016,May,5,12,213.5,20160512,0.647
2016,May,5,13,291.2,20160513,0.882
2016,May,5,14,38.82,20160514,0.118
2016,May,5,15,232.9,20160515,0.706
2016,May,5,16,330,20160516,1.000
2016,May,5,17,330,20160517,1.000
2016,May,5,18,330,20160518,1.000
2016,May,5,19,330,20160519,1.000
2016,May,5,20,194.1,20160520,0.588
2017,March,3,11,25.39,20170311,0.077
2017,March,3,12,330,20170312,1.000
2017,March,3,13,330,20170313,1.000
2017,March,3,14,330,20170314,1.000
2017,March,3,15,330,20170315,1.000
2017,March,3,16,330,20170316,1.000
2017,March,3,17,330,20170317,1.000
2017,March,3,18,330,20170318,1.000
2017,March,3,19,330,20170319,1.000
2017,March,3,20,330,20170320,1.000
2017,March,3,21,330,20170321,1.000
2017,March,3,22,330,20170322,1.000
2017,March,3,23,330,20170323,1.000
2017,March,3,24,330,20170324,1.000
2017,March,3,25,330,20170325,1.000
2017,March,3,26,330,20170326,1.000
2017,March,3,27,330,20170327,1.000
2017,March,3,28,330,20170328,1.000
2017,March,3,29,330,20170329,1.000
2017,March,3,30,330,20170330,1.000
2017,March,3,31,330,20170331,1.000
2017,April,4,1,330,20170401,1.000
2017,April,4,3,228.2,20170403,0.692
2017,April,4,4,330,20170404,1.000
2017,April,4,5,330,20170405,1.000
2017,April,4,6,330,20170406,1.000
2017,April,4,7,330,20170407,1.000
2017,April,4,8,330,20170408,1.000
2017,April,4,9,330,20170409,1.000
2017,April,4,10,330,20170410,1.000
2017,April,4,11,330,20170411,1.000
2017,April,4,12,330,20170412,1.000
2017,April,4,13,330,20170413,1.000
2017,April,4,14,330,20170414,1.000
2017,April,4,15,330,20170415,1.000
2017,April,4,16,330,20170416,1.000
2017,April,4,17,330,20170417,1.000
2017,April,4,18,330,20170418,1.000
2017,April,4,19,192.4,20170419,0.583
2017,April,4,20,330,20170420,1.000
2017,April,4,21,330,20170421,1.000
2017,April,4,22,330,20170422,1.000
2017,April,4,23,330,20170423,1.000
2017,April,4,24,330,20170424,1.000
2017,April,4,25,330,20170425,1.000
2017,April,4,26,218,20170426,0.661
2017,April,4,27,220.4,20170427,0.668
2017,April,4,28,141.8,20170428,0.430
2017,April,4,29,318.8,20170429,0.966
2017,April,4,30,330,20170430,1.000
2017,May,5,1,330,20170501,1.000
2017,May,5,2,330,20170502,1.000
2017,May,5,3,330,20170503,1.000
2017,May,5,4,330,20170504,1.000
2017,May,5,5,330,20170505,1.000
2017,May,5,6,236,20170506,0.715
2017,May,5,7,132,20170507,0.400
2017,May,5,8,286,20170508,0.867
2017,May,5,9,330,20170509,1.000
2017,May,5,10,321.2,20170510,0.973
2017,May,5,11,214.8,20170511,0.651
2017,May,5,12,330,20170512,1.000
2017,May,5,13,330,20170513,1.000
2017,May,5,14,330,20170514,1.000
2017,May,5,15,330,20170515,1.000
2017,May,5,16,330,20170516,1.000
2017,May,5,17,330,20170517,1.000
2017,May,5,18,330,20170518,1.000
2017,May,5,19,309.38,20170519,0.938
2017,May,5,21,177.38,20170521,0.538
2017,May,5,22,330,20170522,1.000
2017,May,5,23,330,20170523,1.000
2017,May,5,24,330,20170524,1.000
2017,May,5,25,330,20170525,1.000
2017,May,5,26,175,20170526,0.530
2018,March,3,9,221.54,20180309,0.648
2018,March,3,10,335.5,20180310,0.981
2018,March,3,11,249,20180311,0.728
2018,March,3,12,247.38,20180312,0.723
2018,March,3,13,152.77,20180313,0.447
2018,March,3,14,321.23,20180314,0.939
2018,March,3,15,282,20180315,0.825
2018,March,3,16,330.9,20180316,0.968
2018,March,3,17,263.07,20180317,0.769
2018,March,3,18,134.54,20180318,0.393
2018,March,3,19,29.08,20180319,0.085
2018,March,3,20,105.23,20180320,0.308
2018,March,3,21,178.62,20180321,0.522
2018,March,3,22,293.5,20180322,0.858
2018,March,3,23,342,20180323,1.000
2018,March,3,24,342,20180324,1.000
2018,March,3,25,175.71,20180325,0.514
2018,March,3,26,342,20180326,1.000
2018,March,3,27,342,20180327,1.000
2018,March,3,28,342,20180328,1.000
2018,March,3,29,322,20180329,0.942
2018,March,3,30,291.6,20180330,0.853
2018,March,3,31,136.8,20180331,0.400
2018,April,4,1,91.2,20180401,0.267
2018,April,4,2,342,20180402,1.000
2018,April,4,3,316.4,20180403,0.925
2018,April,4,4,342,20180404,1.000
2018,April,4,5,342,20180405,1.000
2018,April,4,6,342,20180406,1.000
2018,April,4,7,342,20180407,1.000
2018,April,4,8,274.4,20180408,0.802
2018,April,4,9,228,20180409,0.667
2018,April,4,10,342,20180410,1.000
2018,April,4,11,262,20180411,0.766
2018,April,4,12,342,20180412,1.000
2018,April,4,13,342,20180413,1.000
2018,April,4,14,233,20180414,0.681
2018,April,4,15,205,20180415,0.599
2018,April,4,16,342,20180416,1.000
2018,April,4,17,342,20180417,1.000
2018,April,4,18,342,20180418,1.000
2018,April,4,19,342,20180419,1.000
2018,April,4,20,342,20180420,1.000
2018,April,4,21,342,20180421,1.000
2018,April,4,22,342,20180422,1.000
2018,April,4,23,342,20180423,1.000
2018,April,4,24,342,20180424,1.000
2018,April,4,25,342,20180425,1.000
2018,April,4,26,342,20180426,1.000
2018,April,4,27,342,20180427,1.000
2018,April,4,28,342,20180428,1.000
2018,April,4,29,342,20180429,1.000
2018,April,4,30,319.6,20180430,0.935
2018,May,5,1,342,20180501,1.000
2018,May,5,2,182,20180502,0.532
2018,May,5,3,220.8,20180503,0.646
2018,May,5,4,228.4,20180504,0.668
2018,May,5,5,236.4,20180505,0.691
2018,May,5,6,342,20180506,1.000
2018,May,5,7,342,20180507,1.000
2018,May,5,8,342,20180508,1.000
2018,May,5,9,342,20180509,1.000
2018,May,5,10,342,20180510,1.000
2018,May,5,11,342,20180511,1.000
2018,May,5,12,342,20180512,1.000
2018,May,5,13,319.2,20180513,0.933
2018,May,5,14,91.2,20180514,0.267
2018,May,5,15,319.2,20180515,0.933
2018,May,5,16,296.4,20180516,0.867
2018,May,5,17,342,20180517,1.000
2018,May,5,18,342,20180518,1.000
2018,May,5,19,273.6,20180519,0.800
2018,May,5,20,117,20180520,0.342
2018,May,5,21,39,20180521,0.114
2019,March,3,8,14.307,20190308,0.042
2019,March,3,9,278.308,20190309,0.814
2019,March,3,10,330,20190310,0.965
2019,March,3,11,188.48,20190311,0.551
2019,March,3,13,287.4,20190313,0.840
2019,March,3,15,342,20190315,1.000
2019,March,3,16,342,20190316,1.000
2019,March,3,17,342,20190317,1.000
2019,March,3,18,342,20190318,1.000
2019,March,3,19,342,20190319,1.000
2019,March,3,20,219.4,20190320,0.642
2019,March,3,21,209.2,20190321,0.612
2019,March,3,22,290.9,20190322,0.851
2019,March,3,23,342,20190323,1.000
2019,March,3,24,342,20190324,1.000
2019,March,3,25,342,20190325,1.000
2019,March,3,26,201.8,20190326,0.590
2019,March,3,27,100.89,20190327,0.295
2019,March,3,28,342,20190328,1.000
2019,March,3,29,342,20190329,1.000
2019,March,3,30,342,20190330,1.000
2019,March,3,31,255.636,20190331,0.747
2019,April,4,1,317.56,20190401,0.929
2019,April,4,2,342,20190402,1.000
2019,April,4,3,315.63,20190403,0.923
2019,April,4,4,32.18,20190404,0.094
2019,April,4,5,315.63,20190405,0.923
2019,April,4,6,342,20190406,1.000
2019,April,4,7,319.15,20190407,0.933
2019,April,4,8,80.46,20190408,0.235
2019,April,4,9,206.5,20190409,0.604
2019,April,4,10,330.58,20190410,0.967
2019,April,4,11,342,20190411,1.000
2019,April,4,12,342,20190412,1.000
2019,April,4,13,342,20190413,1.000
2019,April,4,14,342,20190414,1.000
2019,April,4,15,342,20190415,1.000
2019,April,4,16,342,20190416,1.000
2019,April,4,17,342,20190417,1.000
2019,April,4,18,342,20190418,1.000
2019,April,4,19,342,20190419,1.000
2019,April,4,20,342,20190420,1.000
2019,April,4,21,332.9,20190421,0.973
2019,April,4,23,296.7,20190423,0.868
2019,April,4,24,342,20190424,1.000
2019,April,4,25,342,20190425,1.000
2019,April,4,26,342,20190426,1.000
2019,April,4,27,338.8,20190427,0.991
2019,April,4,28,144.3,20190428,0.422
2019,April,4,29,251.9,20190429,0.737
2019,April,4,30,319.2,20190430,0.933
2019,May,5,1,342,20190501,1.000
2019,May,5,2,342,20190502,1.000
2019,May,5,3,319.2,20190503,0.933
2019,May,5,4,182.4,20190504,0.533
2019,May,5,6,48.28,20190506,0.141
2019,May,5,7,342,20190507,1.000
2019,May,5,8,333.1,20190508,0.974
2019,May,5,9,297.7,20190509,0.870
2019,May,5,10,342,20190510,1.000
2019,May,5,11,342,20190511,1.000
2019,May,5,12,335.6,20190512,0.981
2019,May,5,13,319.2,20190513,0.933
2019,May,5,14,336,20190514,0.982
2019,May,5,15,201.6,20190515,0.589
2019,May,5,16,169.9,20190516,0.497
2019,May,5,17,342,20190517,1.000
2019,May,5,18,210,20190518,0.614
2019,May,5,19,168,20190519,0.491
2020,March,3,7,289.3846154,20200307,0.846
2020,March,3,8,342,20200308,1.000
2020,March,3,9,342,20200309,1.000
2020,March,3,10,342,20200310,1.000
2020,March,3,11,342,20200311,1.000
2020,March,3,12,342,20200312,1.000
2020,March,3,13,342,20200313,1.000
2020,March,3,14,342,20200314,1.000
2020,March,3,15,328,20200315,0.959
2020,March,3,16,256,20200316,0.749
2020,March,3,17,342,20200317,1.000
2020,March,3,18,342,20200318,1.000
2020,March,3,19,342,20200319,1.000
2020,March,3,20,342,20200320,1.000
2020,March,3,21,342,20200321,1.000
2020,March,3,22,330,20200322,0.965
2020,March,3,23,250.6,20200323,0.733
2020,March,3,24,311,20200324,0.909
2020,March,3,25,143,20200325,0.418
2020,March,3,27,132,20200327,0.386
2020,March,3,28,342,20200328,1.000
2020,March,3,29,342,20200329,1.000
2020,March,3,30,324,20200330,0.947
2020,March,3,31,331.714,20200331,0.970
2020,April,4,1,342,20200401,1.000
2020,April,4,2,200.5,20200402,0.586
2020,April,4,3,342,20200403,1.000
2020,April,4,4,342,20200404,1.000
2020,April,4,5,342,20200405,1.000
2020,April,4,6,342,20200406,1.000
2020,April,4,7,340,20200407,0.994
2020,April,4,8,339,20200408,0.991
2020,April,4,9,339,20200409,0.991
2020,April,4,10,340,20200410,0.994
2020,April,4,11,340,20200411,0.994
2020,April,4,12,339,20200412,0.991
2020,April,4,13,342,20200413,1.000
2020,April,4,14,265.2,20200414,0.775
2020,April,4,15,255.6,20200415,0.747
2020,April,4,16,342,20200416,1.000
2020,April,4,17,340,20200417,0.994
2020,April,4,18,340,20200418,0.994
2020,April,4,19,227.4,20200419,0.665
2020,April,4,20,12,20200420,0.035
2020,April,4,21,157.6,20200421,0.461
2020,April,4,22,28,20200422,0.082
2020,April,4,23,176,20200423,0.515
2020,April,4,24,339,20200424,0.991
2020,April,4,25,199.6,20200425,0.584
2020,April,4,26,330,20200426,0.965
2020,April,4,27,342,20200427,1.000
2020,April,4,28,342,20200428,1.000
2020,April,4,29,342,20200429,1.000
2020,April,4,30,342,20200430,1.000
2020,May,5,1,335.6,20200501,0.981
2020,May,5,2,144,20200502,0.421
2020,May,5,3,319.2,20200503,0.933
2020,May,5,4,304.4,20200504,0.890
2020,May,5,5,342,20200505,1.000
2020,May,5,6,342,20200506,1.000
2020,May,5,7,316.8,20200507,0.926
2020,May,5,8,342,20200508,1.000
2020,May,5,9,342,20200509,1.000
2020,May,5,10,342,20200510,1.000
2020,May,5,11,342,20200511,1.000
2020,May,5,12,342,20200512,1.000
2020,May,5,13,210,20200513,0.614
2020,May,5,14,342,20200514,1.000
2020,May,5,15,322.8,20200515,0.944
2020,May,5,16,263.6,20200516,0.771
2020,May,5,17,303.6,20200517,0.888
2020,May,5,18,342,20200518,1.000
2020,May,5,19,296.4,20200519,0.867
2020,May,5,20,286.4,20200520,0.837
2020,May,5,21,342,20200521,1.000
2020,May,5,22,342,20200522,1.000
2020,May,5,23,342,20200523,1.000
2020,May,5,24,342,20200524,1.000
2020,May,5,25,272.4,20200525,0.796
2020,May,5,26,330,20200526,0.965
2020,May,5,27,159.6,20200527,0.467
2021,February,2,26,168.23,20210226,0.492
2021,February,2,27,342,20210227,1.000
2021,February,2,28,342,20210228,1.000
2021,March,3,1,342,20210301,1.000
2021,March,3,2,342,20210302,1.000
2021,March,3,3,342,20210303,1.000
2021,March,3,4,342,20210304,1.000
2021,March,3,5,342,20210305,1.000
2021,March,3,6,342,20210306,1.000
2021,March,3,7,313.8461538,20210307,0.918
2021,March,3,8,16.1538,20210308,0.047
2021,March,3,9,78.9231,20210309,0.231
2021,March,3,10,342,20210310,1.000
2021,March,3,11,342,20210311,1.000
2021,March,3,12,342,20210312,1.000
2021,March,3,13,316.69,20210313,0.926
2021,March,3,15,77.5385,20210315,0.227
2021,March,3,16,332.3,20210316,0.972
2021,March,3,17,316,20210317,0.924
2021,March,3,18,217.8,20210318,0.637
2021,March,3,19,210,20210319,0.614
2021,March,3,20,189.69,20210320,0.555
2021,March,3,21,291,20210321,0.851
2021,March,3,22,315.692,20210322,0.923
2021,March,3,23,236.769,20210323,0.692
2021,March,3,24,342,20210324,1.000
2021,March,3,25,342,20210325,1.000
2021,March,3,26,342,20210326,1.000
2021,March,3,27,342,20210327,1.000
2021,March,3,28,342,20210328,1.000
2021,March,3,29,342,20210329,1.000
2021,March,3,30,342,20210330,1.000
2021,March,3,31,342,20210331,1.000
2021,April,4,1,342,20210401,1.000
2021,April,4,2,342,20210402,1.000
2021,April,4,3,286.3,20210403,0.837
2021,April,4,4,222.86,20210404,0.652
2021,April,4,5,285.43,20210405,0.835
2021,April,4,7,140,20210407,0.409
2021,April,4,8,291.43,20210408,0.852
2021,April,4,9,342,20210409,1.000
2021,April,4,10,342,20210410,1.000
2021,April,4,11,342,20210411,1.000
2021,April,4,12,264,20210412,0.772
2021,April,4,13,176.2,20210413,0.515
2021,April,4,14,342,20210414,1.000
2021,April,4,15,333.2,20210415,0.974
2021,April,4,16,202.8,20210416,0.593
2021,April,4,17,332.4,20210417,0.972
2021,April,4,18,342,20210418,1.000
2021,April,4,19,342,20210419,1.000
2021,April,4,20,342,20210420,1.000
2021,April,4,21,342,20210421,1.000
2021,April,4,22,48,20210422,0.140
2021,April,4,23,342,20210423,1.000
2021,April,4,24,342,20210424,1.000
2021,April,4,25,342,20210425,1.000
2021,April,4,26,342,20210426,1.000
2021,April,4,27,342,20210427,1.000
2021,April,4,28,342,20210428,1.000
2021,April,4,29,342,20210429,1.000
2021,April,4,30,342,20210430,1.000
2021,May,5,1,205.2,20210501,0.600
2021,May,5,2,250.8,20210502,0.733
2021,May,5,3,342,20210503,1.000
2021,May,5,4,342,20210504,1.000
2021,May,5,5,342,20210505,1.000
2021,May,5,6,342,20210506,1.000
2021,May,5,7,342,20210507,1.000
2021,May,5,8,342,20210508,1.000
2021,May,5,9,342,20210509,1.000
2021,May,5,10,342,20210510,1.000
2021,May,5,11,273.6,20210511,0.800
2021,May,5,12,140.8,20210512,0.412
2021,May,5,13,192,20210513,0.561
2021,May,5,14,286.4,20210514,0.837
2021,May,5,15,211.2,20210515,0.618
2021,May,5,16,342,20210516,1.000
2021,May,5,17,272.4,20210517,0.796
2021,May,5,18,296.4,20210518,0.867
2021,May,5,19,314.2,20210519,0.919
2021,May,5,20,342,20210520,1.000
2021,May,5,21,342,20210521,1.000
2021,May,5,22,297,20210522,0.868
2021,May,5,23,342,20210523,1.000
2021,May,5,24,267.6,20210524,0.782
2021,May,5,25,66,20210525,0.193
2022,February,2,23,204.92,20220223,0.599
2022,February,2,24,286.6,20220224,0.838
2022,February,2,25,315.7,20220225,0.923
2022,February,2,26,6.46,20220226,0.019
2022,February,2,27,315.7,20220227,0.923
2022,February,2,28,342,20220228,1.000
2022,March,3,1,220,20220301,0.643
2022,March,3,2,342,20220302,1.000
2022,March,3,3,342,20220303,1.000
2022,March,3,4,315.7,20220304,0.923
2022,March,3,5,263.07,20220305,0.769
2022,March,3,6,263.07,20220306,0.769
2022,March,3,7,342,20220307,1.000
2022,March,3,8,342,20220308,1.000
2022,March,3,9,342,20220309,1.000
2022,March,3,10,342,20220310,1.000
2022,March,3,11,264.46,20220311,0.773
2022,March,3,12,255.69,20220312,0.748
2022,March,3,13,210,20220313,0.614
2022,March,3,14,314.31,20220314,0.919
2022,March,3,15,342,20220315,1.000
2022,March,3,16,342,20220316,1.000
2022,March,3,17,268.15,20220317,0.784
2022,March,3,18,210,20220318,0.614
2022,March,3,19,126,20220319,0.368
2022,March,3,20,177.6923077,20220320,0.520
2022,March,3,21,291.23,20220321,0.852
2022,March,3,22,342,20220322,1.000
2022,March,3,23,342,20220323,1.000
2022,March,3,24,342,20220324,1.000
2022,March,3,25,342,20220325,1.000
2022,March,3,26,342,20220326,1.000
2022,March,3,27,243.2,20220327,0.711
2022,March,3,28,270.923,20220328,0.792
2022,March,3,29,342,20220329,1.000
2022,March,3,30,160.2,20220330,0.468
2022,March,3,31,287.308,20220331,0.840
2022,April,4,1,342,20220401,1.000
2022,April,4,3,269,20220403,0.787
2022,April,4,4,342,20220404,1.000
2022,April,4,5,342,20220405,1.000
2022,April,4,6,221.2,20220406,0.647
2022,April,4,7,147.6,20220407,0.432
2022,April,4,8,342,20220408,1.000
2022,April,4,9,296.4,20220409,0.867
2022,April,4,11,319.2,20220411,0.933
2022,April,4,12,342,20220412,1.000
2022,April,4,13,342,20220413,1.000
2022,April,4,14,342,20220414,1.000
2022,April,4,15,342,20220415,1.000
2022,April,4,16,242.8,20220416,0.710
2022,April,4,17,342,20220417,1.000
2022,April,4,18,342,20220418,1.000
2022,April,4,19,342,20220419,1.000
2022,April,4,20,297.2,20220420,0.869
2022,April,4,21,184.8,20220421,0.540
2022,April,4,22,250.8,20220422,0.733
2022,April,4,23,320,20220423,0.936
2022,April,4,24,342,20220424,1.000
2022,April,4,25,342,20220425,1.000
2022,April,4,26,342,20220426,1.000
2022,April,4,27,342,20220427,1.000
2022,April,4,28,298,20220428,0.871
2022,April,4,29,298,20220429,0.871
2022,April,4,30,342,20220430,1.000
2022,May,5,1,342,20220501,1.000
2022,May,5,2,342,20220502,1.000
2022,May,5,3,342,20220503,1.000
2022,May,5,4,342,20220504,1.000
2022,May,5,5,211.5,20220505,0.618
2022,May,5,6,181.8,20220506,0.532
2022,May,5,7,165.8,20220507,0.485
2022,May,5,8,290.4,20220508,0.849
2022,May,5,9,342,20220509,1.000
2022,May,5,10,342,20220510,1.000
2022,May,5,11,342,20220511,1.000
2022,May,5,12,342,20220512,1.000
2022,May,5,13,342,20220513,1.000
2022,May,5,14,342,20220514,1.000
2022,May,5,15,342,20220515,1.000
2022,May,5,16,342,20220516,1.000
2022,May,5,17,342,20220517,1.000
2022,May,5,18,342,20220518,1.000
2022,May,5,19,302,20220519,0.883
2022,May,5,20,342,20220520,1.000
2022,May,5,21,342,20220521,1.000
2022,May,5,22,342,20220522,1.000
2022,May,5,23,342,20220523,1.000
2022,May,5,24,276.4,20220524,0.808
2022,May,5,25,315.2,20220525,0.922
2023,February,2,26,84.92,20230226,0.248
2023,February,2,27,267.23,20230227,0.781
2023,February,2,28,91,20230228,0.266
2023,March,3,1,122,20230301,0.357
2023,March,3,2,122,20230302,0.357
2023,March,3,3,271.38,20230303,0.794
2023,March,3,4,342,20230304,1.000
2023,March,3,5,327.7,20230305,0.958
2023,March,3,6,315.7,20230306,0.923
2023,March,3,7,342,20230307,1.000
2023,March,3,8,342,20230308,1.000
2023,March,3,9,315.7,20230309,0.923
2023,March,3,11,263,20230311,0.769
2023,March,3,12,342,20230312,1.000
2023,March,3,13,342,20230313,1.000
2023,March,3,14,177.69,20230314,0.520
2023,March,3,16,315.7,20230316,0.923
2023,March,3,17,342,20230317,1.000
2023,March,3,18,342,20230318,1.000
2023,March,3,19,342,20230319,1.000
2023,March,3,20,142,20230320,0.415
2023,March,3,21,342,20230321,1.000
2023,March,3,22,342,20230322,1.000
2023,March,3,23,342,20230323,1.000
2023,March,3,24,342,20230324,1.000
2023,March,3,25,342,20230325,1.000
2023,March,3,26,317.57,20230326,0.929
2023,March,3,27,46.93,20230327,0.137
2023,March,3,28,284,20230328,0.830
2023,March,3,29,342,20230329,1.000
2023,March,3,30,342,20230330,1.000
2023,March,3,31,253.6,20230331,0.742
2023,April,4,2,319.2,20230402,0.933
2023,April,4,3,342,20230403,1.000
2023,April,4,4,342,20230404,1.000
2023,April,4,5,166,20230405,0.485
2023,April,4,6,319.2,20230406,0.933
2023,April,4,7,342,20230407,1.000
2023,April,4,8,205.2,20230408,0.600
2023,April,4,9,342,20230409,1.000
2023,April,4,10,342,20230410,1.000
2023,April,4,11,342,20230411,1.000
2023,April,4,12,342,20230412,1.000
2023,April,4,13,118.8,20230413,0.347
2023,April,4,15,298.93,20230415,0.874
2023,April,4,16,289.2,20230416,0.846
2023,April,4,17,342,20230417,1.000
2023,April,4,18,342,20230418,1.000
2023,April,4,19,342,20230419,1.000
2023,April,4,20,342,20230420,1.000
2023,April,4,21,342,20230421,1.000
2023,April,4,22,342,20230422,1.000
2023,April,4,23,342,20230423,1.000
2023,April,4,24,185.2,20230424,0.542
2023,April,4,25,80,20230425,0.234
2023,April,4,26,296.4,20230426,0.867
2023,April,4,27,342,20230427,1.000
2023,April,4,28,342,20230428,1.000
2023,April,4,29,342,20230429,1.000
2023,April,4,30,240.8,20230430,0.704
2023,May,5,2,309.6,20230502,0.905
2023,May,5,3,342,20230503,1.000
2023,May,5,4,342,20230504,1.000
2023,May,5,5,342,20230505,1.000
2023,May,5,6,317.2,20230506,0.927
2023,May,5,7,342,20230507,1.000
2023,May,5,8,65.8,20230508,0.192
2023,May,5,9,319.2,20230509,0.933
2023,May,5,10,182.4,20230510,0.533
2023,May,5,11,340.4,20230511,0.995
2023,May,5,12,246,20230512,0.719
2023,May,5,13,46.8,20230513,0.137
2023,May,5,14,288,20230514,0.842
2023,May,5,15,205.2,20230515,0.600
2023,May,5,16,181.4,20230516,0.530
2023,May,5,17,208.8,20230517,0.611
2023,May,5,18,342,20230518,1.000
2023,May,5,19,211.6,20230519,0.619
2023,May,5,21,170.4,20230521,0.498
2023,May,5,22,184.8,20230522,0.540
2023,May,5,23,71.6,20230523,0.209
2024,February,2,27,100.154,20240227,0.293
2024,February,2,28,91.4,20240228,0.267
2024,February,2,29,173.1,20240229,0.506
2024,March,3,1,76.2,20240301,0.223
2024,March,3,2,238.154,20240302,0.696
2024,March,3,3,204.92,20240303,0.599
2024,March,3,4,276,20240304,0.807
2024,March,3,5,315.7,20240305,0.923
2024,March,3,7,315.7,20240307,0.923
2024,March,3,8,308.7692308,20240308,0.903
2024,March,3,9,173.0769231,20240309,0.506
2024,March,3,10,182.7692308,20240310,0.534
2024,March,3,11,51.23076923,20240311,0.150
2024,March,3,12,269.0769231,20240312,0.787
2024,March,3,13,342,20240313,1.000
2024,March,3,14,342,20240314,1.000
2024,March,3,15,342,20240315,1.000
2024,March,3,16,342,20240316,1.000
2024,March,3,17,342,20240317,1.000
2024,March,3,18,342,20240318,1.000
2024,March,3,19,342,20240319,1.000
2024,March,3,20,342,20240320,1.000
2024,March,3,21,342,20240321,1.000
2024,March,3,22,342,20240322,1.000
2024,March,3,23,342,20240323,1.000
2024,March,3,24,286.714,20240324,0.838
2024,March,3,25,310.071,20240325,0.907
2024,March,3,27,101.786,20240327,0.298
2024,March,3,28,327.214,20240328,0.957
2024,March,3,29,247.714,20240329,0.724
2024,March,3,30,210,20240330,0.614
2024,March,3,31,323.143,20240331,0.945
2024,April,4,1,120,20240401,0.351
2024,April,4,2,317.571,20240402,0.929
2024,April,4,3,342,20240403,1.000
2024,April,4,4,342,20240404,1.000
2024,April,4,5,342,20240405,1.000
2024,April,4,6,342,20240406,1.000
2024,April,4,7,342,20240407,1.000
2024,April,4,8,342,20240408,1.000
2024,April,4,9,296.4,20240409,0.867
2024,April,4,10,136.8,20240410,0.400
2024,April,4,11,342,20240411,1.000
2024,April,4,12,342,20240412,1.000
2024,April,4,13,342,20240413,1.000
2024,April,4,14,342,20240414,1.000
2024,April,4,15,342,20240415,1.000
2024,April,4,16,319,20240416,0.933
2024,April,4,17,91.2,20240417,0.267
2024,April,4,18,296.4,20240418,0.867
2024,April,4,19,182.4,20240419,0.533
2024,April,4,20,342,20240420,1.000
2024,April,4,21,342,20240421,1.000
2024,April,4,22,342,20240422,1.000
2024,April,4,23,181,20240423,0.529
2024,April,4,24,68.4,20240424,0.200
2024,April,4,25,183.6,20240425,0.537
2024,April,4,26,342,20240426,1.000
2024,April,4,27,342,20240427,1.000
2024,April,4,28,342,20240428,1.000
2024,April,4,29,342,20240429,1.000
2024,April,4,30,299.25,20240430,0.875
2024,May,5,1,171,20240501,0.500
2024,May,5,2,198.38,20240502,0.580
2024,May,5,4,299.3,20240504,0.875
2024,May,5,5,342,20240505,1.000
2024,May,5,6,342,20240506,1.000
2024,May,5,7,342,20240507,1.000
2024,May,5,8,171,20240508,0.500
2024,May,5,9,342,20240509,1.000
2024,May,5,10,342,20240510,1.000
2024,May,5,11,342,20240511,1.000
2024,May,5,12,342,20240512,1.000
2024,May,5,13,342,20240513,1.000
2024,May,5,14,342,20240514,1.000
2024,May,5,15,342,20240515,1.000
2024,May,5,16,342,20240516,1.000
2024,May,5,17,342,20240517,1.000
2024,May,5,18,243,20240518,0.711
2024,May,5,19,213.75,20240519,0.625
2024,May,5,20,299.25,20240520,0.875
2024,May,5,21,128.25,20240521,0.375
2024,May,5,22,342,20240522,1.000
2024,May,5,23,342,20240523,1.000
2024,May,5,24,171,20240524,0.500
